s.no,Date,State/Union Territory,Confirmed Indian Nationality,Confirmed Foreign Confirmed,Cured,Deaths,Confirmed
1,06-03-2024,Kerala,59978,8494,23760,6982,49867
2,9/17/2024,Maharashtra,87737,8826,43870,7931,2714
3,12/20/2024,Delhi,99275,5869,9756,5570,56676
4,4/22/2024,Uttar Pradesh,49236,3979,44419,5842,19383
5,12/23/2024,Uttar Pradesh,77814,9908,24790,5729,86751
6,10/29/2024,Maharashtra,813,5968,36586,7021,89243
7,10-06-2024,Kerala,50353,3877,1508,4223,95525
8,8/16/2024,Kerala,58496,6461,25862,2947,6435
9,07-06-2024,Kerala,7142,3652,25268,3377,8554
10,01-11-2025,Maharashtra,24558,4634,10947,685,19317
11,10-01-2024,Maharashtra,54480,9290,18038,6467,20460
12,11-12-2024,Uttar Pradesh,48773,1769,15804,4143,71169
13,3/26/2024,Uttar Pradesh,62826,947,17543,7854,33791
14,11-05-2024,Kerala,80094,2703,38706,313,46261
15,12/23/2024,Tamil Nadu,33249,8264,46434,5735,86472
16,7/19/2024,Kerala,9854,7639,42782,10,83505
17,11/15/2024,Kerala,39913,7592,46406,9862,46084
18,2/20/2024,Tamil Nadu,98812,3825,13555,772,93520
19,10-06-2024,Uttar Pradesh,27607,4367,13968,2406,48893
20,06-03-2024,Kerala,63580,335,19048,665,8674
21,10/22/2024,Uttar Pradesh,31314,7045,14952,5540,68429
22,8/21/2024,Maharashtra,51945,9886,26668,6867,36829
23,7/24/2024,Uttar Pradesh,62266,4625,33449,8516,44338
24,02-03-2025,Maharashtra,80138,3569,30116,8583,18044
25,06-07-2024,Uttar Pradesh,22362,7859,5134,3711,77256
26,06-09-2024,Tamil Nadu,83432,3618,7216,7053,46476
27,8/21/2024,Delhi,70120,2393,35744,2278,18555
28,2/18/2024,Kerala,10821,4393,41206,76,85490
29,09-03-2024,Uttar Pradesh,74797,5838,10832,5427,35757
30,01-01-2025,Kerala,57051,4278,23117,480,84150
31,4/26/2024,Kerala,25327,944,4397,3165,66647
32,6/26/2024,Kerala,15577,6576,26200,7664,72654
33,12-06-2024,Tamil Nadu,57920,3106,10316,2916,38072
34,03-06-2024,Uttar Pradesh,20459,3622,44583,7988,27507
35,11/27/2024,Delhi,33405,355,7327,9281,53861
36,7/30/2024,Kerala,73877,2471,16860,4573,13291
37,5/31/2024,Maharashtra,45950,5269,44406,9411,61327
38,1/20/2025,Kerala,68241,1521,47050,1268,64428
39,08-09-2024,Maharashtra,82270,4061,43276,145,35208
40,2/13/2024,Uttar Pradesh,80672,2140,10933,8813,54110
41,11-12-2024,Delhi,85624,3459,10689,4869,40761
42,03-04-2024,Tamil Nadu,32093,3342,34803,2502,41809
43,4/19/2024,Tamil Nadu,19581,2571,42403,4427,84375
44,12-10-2024,Uttar Pradesh,71738,8029,15551,3685,55447
45,12/27/2024,Delhi,10433,1378,46294,2958,27687
46,10/18/2024,Uttar Pradesh,66467,6743,8798,5212,58340
47,02-09-2025,Maharashtra,11761,5383,23082,4884,64748
48,8/25/2024,Uttar Pradesh,23371,8655,35605,2176,45669
49,7/16/2024,Kerala,52593,3384,21058,4460,79523
50,07-01-2024,Delhi,18131,8162,3606,2833,30578
51,2/21/2024,Maharashtra,3296,8483,27691,5712,40239
52,5/22/2024,Delhi,22628,800,34805,8136,90295
53,04-02-2024,Maharashtra,6276,8036,34751,4721,98361
54,4/15/2024,Delhi,79908,75,2722,672,43182
55,03-07-2024,Tamil Nadu,48365,5878,1320,9306,34415
56,6/15/2024,Maharashtra,94209,1377,9953,4318,65162
57,9/27/2024,Tamil Nadu,30385,4830,30256,5677,20831
58,7/22/2024,Kerala,50634,8145,14324,9797,54492
59,5/19/2024,Kerala,2747,887,1755,3840,22469
60,12/24/2024,Tamil Nadu,13728,8392,39505,5631,60421
61,2/19/2024,Delhi,80753,7116,170,1846,95644
62,11-02-2024,Kerala,55563,4853,21458,7037,45066
63,08-02-2024,Delhi,23155,1807,47099,1250,93334
64,12/30/2024,Kerala,99387,2937,49098,7358,21634
65,08-08-2024,Tamil Nadu,33277,7679,26512,6117,76951
66,5/15/2024,Tamil Nadu,92807,9694,10148,751,94329
67,11-07-2024,Delhi,21907,941,33211,28,50362
68,08-01-2024,Uttar Pradesh,40601,1230,4681,4214,47896
69,5/24/2024,Maharashtra,67287,8742,32550,8393,83760
70,4/26/2024,Tamil Nadu,75641,9739,25541,2836,55466
71,1/21/2025,Tamil Nadu,50466,1477,17736,9611,69171
72,11-05-2024,Tamil Nadu,19666,4697,43053,2782,4617
73,9/25/2024,Delhi,80855,4492,32325,2000,50820
74,1/24/2025,Maharashtra,58346,622,26421,9403,79810
75,7/31/2024,Tamil Nadu,62694,5768,34108,601,30948
76,11-06-2024,Maharashtra,73617,7500,1644,831,61448
77,09-02-2024,Tamil Nadu,4160,1857,32736,1155,95788
78,4/27/2024,Delhi,5995,2150,36961,1382,70063
79,5/23/2024,Maharashtra,28309,8625,2886,3514,52173
80,02-02-2025,Kerala,99010,7814,743,749,40205
81,4/23/2024,Maharashtra,43845,5385,5594,2983,9871
82,06-05-2024,Kerala,48745,1473,16351,3885,89768
83,8/19/2024,Kerala,88743,8030,44892,2238,74461
84,07-05-2024,Uttar Pradesh,50500,9339,28056,6770,99225
85,11-07-2024,Maharashtra,43847,9165,31075,1760,42755
86,6/28/2024,Maharashtra,84904,8652,15783,8554,6513
87,8/31/2024,Kerala,75078,7634,27961,2228,50573
88,05-03-2024,Tamil Nadu,9836,3914,46617,184,57599
89,3/17/2024,Kerala,50671,2457,11921,9417,274
90,04-03-2024,Kerala,21133,9577,40012,914,46497
91,04-09-2024,Uttar Pradesh,39073,5943,23597,8105,91379
92,9/14/2024,Delhi,51742,5743,26791,9559,13564
93,8/27/2024,Delhi,41786,800,20858,3388,66307
94,07-02-2024,Maharashtra,23586,1615,309,437,99715
95,11-11-2024,Kerala,60244,5020,22257,1037,19892
96,6/28/2024,Uttar Pradesh,76051,7424,31191,5251,85094
97,9/24/2024,Kerala,49733,8921,31062,2211,15710
98,5/21/2024,Maharashtra,49322,6159,20935,2561,53327
99,4/20/2024,Tamil Nadu,24121,5727,22018,5716,69304
100,3/21/2024,Uttar Pradesh,85190,1759,29824,7603,87874
101,10/25/2024,Tamil Nadu,90148,5687,47559,9114,66320
102,03-11-2024,Kerala,77519,3056,31280,7272,97492
103,9/17/2024,Uttar Pradesh,16687,6178,19685,4944,78699
104,11/30/2024,Kerala,96724,1917,1166,2364,2301
105,01-04-2025,Maharashtra,23881,6671,23637,1056,51508
106,11/13/2024,Kerala,8503,5464,184,4363,78539
107,05-03-2024,Delhi,6918,289,5536,7073,2459
108,1/24/2025,Tamil Nadu,5469,734,34969,928,26102
109,12/29/2024,Tamil Nadu,52730,4217,21391,9912,72214
110,9/17/2024,Uttar Pradesh,34540,1867,43653,9280,65695
111,10/15/2024,Maharashtra,28551,6558,4447,2659,73085
112,12/24/2024,Maharashtra,47951,8209,24231,2200,20628
113,10/18/2024,Uttar Pradesh,72145,8401,40837,8520,97368
114,11/30/2024,Maharashtra,12113,8325,21493,1239,8104
115,2/22/2024,Tamil Nadu,85689,3938,20561,7302,89689
116,02-08-2025,Tamil Nadu,8371,9025,38752,6841,96087
117,9/24/2024,Kerala,31573,9935,24670,1408,2759
118,11-05-2024,Kerala,53395,839,35515,417,50189
119,5/27/2024,Tamil Nadu,18713,3444,1061,256,93616
120,04-12-2024,Delhi,55791,305,49448,4935,15048
121,3/23/2024,Delhi,73403,9976,14270,4981,42504
122,10-07-2024,Maharashtra,94562,7402,5514,4757,28533
123,2/13/2024,Delhi,67835,1701,11426,5705,69744
124,8/30/2024,Uttar Pradesh,73930,2729,10774,3397,93033
125,10/17/2024,Kerala,5320,2889,45035,8518,80997
126,4/16/2024,Delhi,29385,3547,40171,9917,30520
127,09-06-2024,Uttar Pradesh,83925,8066,12899,2589,59616
128,6/27/2024,Tamil Nadu,91696,8290,27058,4657,50731
129,12/24/2024,Tamil Nadu,66636,8138,21290,6609,29639
130,2/18/2024,Delhi,41767,6309,1432,3763,55690
131,02-02-2025,Delhi,95385,2336,6359,4800,72355
132,09-03-2024,Maharashtra,49392,3031,49158,9172,43749
133,01-01-2025,Kerala,91072,4486,49618,3688,97711
134,10/22/2024,Uttar Pradesh,91329,1574,28259,7709,80662
135,11-05-2024,Kerala,87145,7796,21024,9662,42194
136,12-12-2024,Tamil Nadu,7670,5274,25103,760,41520
137,9/18/2024,Tamil Nadu,78711,1770,41444,4942,5232
138,08-01-2024,Delhi,37421,4388,16866,1121,71002
139,6/16/2024,Delhi,13275,4675,902,3462,36724
140,03-08-2024,Uttar Pradesh,60078,7212,45584,6983,19468
141,7/18/2024,Kerala,89210,6685,41254,8461,27863
142,5/20/2024,Maharashtra,20941,6047,19421,8712,97829
143,3/27/2024,Kerala,50255,1932,47668,8541,69285
144,1/30/2025,Uttar Pradesh,7781,6781,14290,9003,33694
145,08-08-2024,Uttar Pradesh,21396,1573,37837,3585,49753
146,04-12-2024,Kerala,14372,6257,17554,7822,67826
147,09-04-2024,Maharashtra,70662,623,37829,7011,53715
148,04-03-2024,Uttar Pradesh,21030,1729,30665,1681,62592
149,07-04-2024,Delhi,66949,2269,10948,9254,57457
150,02-11-2024,Maharashtra,86287,9461,36871,7419,87250
151,9/13/2024,Kerala,8564,9423,44188,2776,39688
152,3/28/2024,Tamil Nadu,28547,847,9648,2917,56962
153,3/18/2024,Delhi,49735,6389,36807,2314,35695
154,1/29/2025,Uttar Pradesh,38897,3994,14066,9916,75776
155,08-04-2024,Delhi,98152,1070,4726,5724,59355
156,03-08-2024,Maharashtra,55363,5572,28946,867,11656
157,12/23/2024,Uttar Pradesh,23872,1367,42479,7727,73600
158,7/15/2024,Uttar Pradesh,36737,7220,16488,4931,47090
159,5/31/2024,Kerala,16457,1557,21242,7111,71022
160,8/14/2024,Tamil Nadu,89322,3965,44045,8143,76400
161,12/21/2024,Uttar Pradesh,59458,1973,450,3116,79764
162,6/28/2024,Tamil Nadu,86366,9655,20308,8877,78599
163,1/23/2025,Uttar Pradesh,84979,7746,26497,5269,89117
164,11/22/2024,Tamil Nadu,63953,5617,7286,3563,1032
165,01-10-2025,Tamil Nadu,6987,2289,42664,5256,85060
166,1/23/2025,Maharashtra,3375,9009,22944,6318,46576
167,8/19/2024,Delhi,50110,4507,32653,4056,40168
168,4/17/2024,Maharashtra,10858,2787,36152,6028,4054
169,02-11-2024,Kerala,54291,2706,28619,8571,80614
170,12/19/2024,Kerala,93142,2802,30969,2620,45198
171,12/15/2024,Tamil Nadu,34347,4744,21984,5040,97546
172,2/16/2024,Kerala,57690,4763,24812,7247,39632
173,07-11-2024,Delhi,67340,7742,14173,6133,45706
174,10-07-2024,Delhi,45061,105,40405,6092,93728
175,03-03-2024,Tamil Nadu,77812,6650,31609,6438,52390
176,10/22/2024,Maharashtra,9741,6185,24294,6043,31950
177,5/20/2024,Uttar Pradesh,11734,2524,35686,5435,52978
178,8/23/2024,Delhi,93772,531,16298,3453,19595
179,05-05-2024,Delhi,81886,9444,19149,3449,37520
180,05-06-2024,Kerala,24272,8692,2793,2833,52249
181,6/17/2024,Kerala,67862,8235,33847,9139,16999
182,08-01-2024,Maharashtra,30538,7842,40809,4361,85892
183,4/19/2024,Maharashtra,1503,6558,23171,583,75247
184,3/15/2024,Delhi,82019,9940,39526,2744,85016
185,7/31/2024,Delhi,18756,6052,7902,8698,84890
186,08-03-2024,Kerala,15551,1759,23791,8285,14392
187,08-08-2024,Delhi,10961,555,15587,5666,70859
188,11/18/2024,Delhi,17721,9539,38822,1471,76986
189,09-12-2024,Kerala,17029,1161,45414,7446,78650
190,11/24/2024,Maharashtra,99822,4407,42877,8183,55458
191,5/16/2024,Maharashtra,24288,6155,24989,7305,96473
192,4/19/2024,Tamil Nadu,57578,3941,38830,8797,82467
193,2/26/2024,Uttar Pradesh,67601,2967,26358,6254,70162
194,3/22/2024,Delhi,70262,7243,33131,8146,68596
195,5/15/2024,Tamil Nadu,20995,7379,26686,362,37010
196,4/23/2024,Kerala,69171,9226,1683,8537,18894
197,02-10-2024,Delhi,94201,406,35811,9488,95683
198,1/16/2025,Uttar Pradesh,2969,563,12297,6809,77394
199,2/21/2024,Delhi,38105,2169,45586,5431,32715
200,7/13/2024,Delhi,47278,2314,13866,4927,82033
201,5/13/2024,Kerala,6815,8432,21779,7224,96065
202,9/29/2024,Uttar Pradesh,92886,6329,27722,1977,4756
203,1/31/2025,Tamil Nadu,7271,4098,35266,6683,26590
204,8/13/2024,Maharashtra,34928,1845,40153,6155,69834
205,12/20/2024,Tamil Nadu,89198,858,7406,3245,69912
206,8/26/2024,Delhi,88151,1721,43270,7171,28019
207,10/17/2024,Tamil Nadu,7613,9185,40069,8976,49043
208,1/13/2025,Maharashtra,30450,9482,21091,3966,77857
209,2/16/2024,Kerala,96233,2080,22277,3906,38217
210,11/22/2024,Kerala,63056,9218,9231,7604,85707
211,8/16/2024,Kerala,37323,8497,7226,747,20442
212,8/28/2024,Uttar Pradesh,53244,2087,14862,115,5449
213,5/14/2024,Tamil Nadu,60334,4054,10880,1081,44966
214,7/30/2024,Uttar Pradesh,45980,8190,36389,7581,7356
215,2/28/2024,Uttar Pradesh,78263,3232,27910,3269,46717
216,04-05-2024,Delhi,21577,1654,43857,8802,17317
217,09-02-2024,Kerala,11092,7918,38099,3768,22753
218,9/26/2024,Maharashtra,93853,1653,5236,829,74895
219,2/13/2024,Kerala,88257,5584,15723,9854,43881
220,01-05-2025,Delhi,47910,3234,47620,2837,86615
221,1/16/2025,Kerala,11873,2640,5410,292,31097
222,1/22/2025,Kerala,56633,6887,41985,1523,66986
223,7/29/2024,Kerala,40172,9722,19347,7423,39245
224,9/19/2024,Uttar Pradesh,25696,931,24714,7441,91439
225,2/26/2024,Maharashtra,4271,4048,34419,7595,74677
226,11/13/2024,Maharashtra,8936,4577,8616,5807,98652
227,8/14/2024,Tamil Nadu,59104,3123,29074,5800,35638
228,05-09-2024,Tamil Nadu,92418,4449,21934,7035,12550
229,11-02-2024,Tamil Nadu,71939,3038,900,6179,97437
230,8/27/2024,Delhi,5067,164,6215,9528,15740
231,8/31/2024,Uttar Pradesh,25584,6290,23504,5285,42410
232,6/13/2024,Kerala,99378,4853,19915,8306,50732
233,9/26/2024,Maharashtra,21443,7669,17517,9080,62520
234,6/17/2024,Uttar Pradesh,87351,7787,12778,477,42059
235,1/25/2025,Tamil Nadu,95076,3867,31073,6312,1901
236,12/29/2024,Maharashtra,6301,9606,23701,245,34872
237,6/14/2024,Maharashtra,47797,4608,24996,5858,19284
238,09-09-2024,Uttar Pradesh,51617,2018,43732,1328,74961
239,11-02-2024,Uttar Pradesh,97954,4697,1325,2057,65981
240,9/19/2024,Uttar Pradesh,68096,3717,28278,2010,15169
241,6/20/2024,Uttar Pradesh,76820,9513,27304,2716,18658
242,06-05-2024,Tamil Nadu,22048,7411,14636,3088,45652
243,5/20/2024,Maharashtra,41732,7234,8941,5981,40934
244,4/28/2024,Delhi,10395,3918,12102,2263,97108
245,4/22/2024,Kerala,93064,1170,16868,9453,45225
246,9/17/2024,Maharashtra,2876,9236,30884,6571,11492
247,07-10-2024,Uttar Pradesh,25908,7482,4216,5794,93110
248,1/30/2025,Maharashtra,95641,3381,29017,8382,59801
249,11/25/2024,Delhi,94749,2510,28809,3705,16476
250,11/23/2024,Tamil Nadu,21309,5789,41847,5746,41086
251,10/26/2024,Tamil Nadu,14444,4985,32815,5945,79083
252,5/14/2024,Tamil Nadu,56516,8513,5454,2608,70468
253,3/27/2024,Delhi,91488,2857,13596,7603,63837
254,3/14/2024,Maharashtra,51263,7196,9748,6745,96560
255,7/23/2024,Uttar Pradesh,93885,9832,459,2201,29046
256,5/19/2024,Delhi,79537,7257,1705,4333,75835
257,12-12-2024,Maharashtra,10780,1534,44272,3847,74607
258,6/15/2024,Kerala,84404,686,32691,9151,40049
259,04-11-2024,Delhi,31349,6767,23352,8796,41668
260,12/28/2024,Kerala,48186,5100,19626,6452,97336
261,7/31/2024,Delhi,27005,3525,38783,277,51186
262,01-05-2025,Uttar Pradesh,22553,9507,32025,3955,98823
263,3/30/2024,Maharashtra,43982,6148,29676,9536,72645
264,4/20/2024,Maharashtra,2178,6534,23721,4083,5641
265,3/16/2024,Uttar Pradesh,12028,2106,7925,8947,89147
266,8/22/2024,Kerala,13924,7367,31629,9407,65428
267,5/20/2024,Kerala,87344,3129,5980,4216,18985
268,10/22/2024,Uttar Pradesh,49111,3442,49085,629,38660
269,4/15/2024,Tamil Nadu,28096,6398,15619,8786,20340
270,1/18/2025,Tamil Nadu,57896,2461,17003,6858,53609
271,1/24/2025,Tamil Nadu,92425,9323,22476,4416,52922
272,01-09-2025,Delhi,93796,9001,9611,8978,84545
273,8/16/2024,Tamil Nadu,45643,3818,35243,8793,49010
274,07-07-2024,Maharashtra,79445,7894,40199,7918,11030
275,1/26/2025,Uttar Pradesh,53977,8027,16663,5053,43416
276,09-11-2024,Uttar Pradesh,47293,8865,38289,3685,36729
277,05-11-2024,Uttar Pradesh,42216,2565,29056,2860,21172
278,2/26/2024,Tamil Nadu,31704,133,11796,5279,12414
279,04-10-2024,Maharashtra,34809,3630,44174,1562,72030
280,10-09-2024,Kerala,27294,707,45361,2000,88904
281,1/23/2025,Uttar Pradesh,99001,5803,7040,3730,77985
282,1/28/2025,Tamil Nadu,70053,441,31091,6998,70579
283,08-10-2024,Maharashtra,69506,7529,5012,3163,42026
284,12-03-2024,Delhi,39473,9214,9682,5945,67444
285,01-01-2025,Tamil Nadu,59503,931,18431,5189,16157
286,2/28/2024,Kerala,4306,7770,9297,6554,87933
287,12-07-2024,Kerala,83815,4095,19021,6935,2186
288,05-12-2024,Delhi,35073,6728,38605,558,32977
289,11-03-2024,Delhi,59508,242,19080,9921,49413
290,06-04-2024,Kerala,64521,7017,30968,8375,44847
291,03-07-2024,Tamil Nadu,30861,4841,24345,8805,4392
292,2/14/2024,Uttar Pradesh,82447,1948,36764,8938,737
293,6/13/2024,Tamil Nadu,90826,6981,15918,2525,68967
294,5/19/2024,Kerala,81061,2932,8493,8151,22400
295,4/21/2024,Kerala,78126,4032,25004,6520,67372
296,12/15/2024,Delhi,51009,3754,35033,720,75825
297,02-12-2024,Delhi,52369,369,43361,8219,32053
298,08-07-2024,Tamil Nadu,43740,2937,2547,7966,553
299,02-09-2025,Maharashtra,6963,2512,44619,4032,3339
300,02-03-2025,Uttar Pradesh,93811,6033,15834,2907,74879
301,10-08-2024,Uttar Pradesh,70018,4513,41446,4683,21366
302,10/26/2024,Kerala,97797,6814,38250,264,48956
303,7/21/2024,Kerala,11072,2698,27570,9756,98750
304,1/21/2025,Maharashtra,49369,6025,27521,629,18140
305,03-09-2024,Delhi,28585,3657,28473,188,34212
306,7/17/2024,Uttar Pradesh,34779,8696,46816,8043,22484
307,9/13/2024,Maharashtra,28296,6268,17711,9076,34979
308,7/17/2024,Tamil Nadu,4917,4402,49630,9593,90291
309,11-08-2024,Maharashtra,20536,6740,24428,9791,46660
310,1/20/2025,Kerala,48027,5533,11839,6740,36357
311,4/28/2024,Kerala,82699,5977,17127,2926,66175
312,3/30/2024,Uttar Pradesh,74323,4402,47017,725,7880
313,04-12-2024,Kerala,28587,6460,9267,9190,83289
314,05-03-2024,Delhi,33628,5822,579,4756,99188
315,6/29/2024,Delhi,47413,9395,2977,7838,38614
316,12/14/2024,Tamil Nadu,69901,4887,40355,2969,24555
317,5/23/2024,Maharashtra,97993,450,32332,2652,42003
318,4/15/2024,Kerala,74948,7303,35063,8059,13657
319,04-07-2024,Kerala,55931,6094,19539,8284,51071
320,08-11-2024,Kerala,16518,2548,6218,7618,2872
321,02-12-2024,Tamil Nadu,14951,1409,35028,2226,16499
322,02-05-2025,Delhi,17582,9690,1220,5042,92884
323,1/17/2025,Maharashtra,88245,5161,48618,7486,30559
324,01-08-2025,Uttar Pradesh,33191,9961,27892,9733,81369
325,03-05-2024,Tamil Nadu,97659,9947,48544,1075,9172
326,12/13/2024,Maharashtra,10133,1325,13288,4412,55225
327,7/14/2024,Uttar Pradesh,87704,1906,14123,1440,33947
328,4/26/2024,Tamil Nadu,13410,4320,35839,2408,82971
329,02-12-2024,Kerala,84702,5311,8007,8685,46032
330,01-07-2025,Delhi,66741,1333,33808,5110,206
331,3/25/2024,Maharashtra,26597,6617,1669,5369,401
332,2/24/2024,Delhi,48229,1288,39109,9131,2629
333,7/27/2024,Tamil Nadu,17934,2676,13640,4908,35106
334,1/29/2025,Tamil Nadu,33112,1740,49233,4616,30729
335,4/30/2024,Kerala,6997,735,12152,7661,70793
336,10/19/2024,Kerala,74870,1419,2914,6314,66886
337,08-12-2024,Uttar Pradesh,33696,5537,11039,3105,72158
338,7/26/2024,Delhi,92769,8474,38255,8476,1892
339,2/21/2024,Delhi,15124,7139,38346,8377,94482
340,05-10-2024,Maharashtra,49141,1292,17653,7508,26262
341,09-01-2024,Kerala,59370,1272,6696,6548,92801
342,10-09-2024,Maharashtra,26519,9747,23347,7089,59828
343,5/18/2024,Delhi,36547,3510,10814,7475,73193
344,7/13/2024,Kerala,95042,9632,33605,3591,30963
345,01-04-2025,Kerala,30446,9543,24317,5159,15436
346,11/27/2024,Tamil Nadu,2960,9158,16799,7653,72500
347,7/15/2024,Uttar Pradesh,50609,4096,25464,4560,41915
348,7/26/2024,Kerala,14868,2545,40882,933,22318
349,10-02-2024,Kerala,88920,3970,26537,4926,79876
350,11-01-2024,Kerala,86246,8473,45020,8087,77703
351,06-08-2024,Maharashtra,50607,1755,20545,5074,91882
352,6/22/2024,Maharashtra,50132,2144,30618,785,30269
353,10-06-2024,Delhi,238,8699,16948,7995,29559
354,07-12-2024,Maharashtra,83825,5016,43893,9630,82490
355,01-09-2025,Maharashtra,55157,8538,13327,42,77103
356,6/20/2024,Tamil Nadu,84675,2208,29967,3925,49875
357,06-08-2024,Tamil Nadu,43202,1236,6717,7095,93198
358,10-11-2024,Tamil Nadu,88046,3877,12205,9652,70794
359,12/20/2024,Maharashtra,61049,1563,12783,3019,6297
360,6/26/2024,Delhi,39512,6975,43802,4228,94662
361,01-12-2025,Delhi,19147,1063,4482,4073,75857
362,4/24/2024,Kerala,55810,9760,29540,7023,65920
363,01-09-2025,Maharashtra,90026,1256,26622,7111,44233
364,08-10-2024,Maharashtra,72555,6679,47727,8067,17271
365,5/19/2024,Tamil Nadu,89754,5034,24601,9830,94602
366,7/25/2024,Uttar Pradesh,81547,4603,39635,5630,53822
367,6/22/2024,Maharashtra,2893,9661,40972,8101,22754
368,9/21/2024,Uttar Pradesh,11083,482,1660,9057,79477
369,4/24/2024,Maharashtra,96046,8165,36605,4381,85207
370,7/18/2024,Delhi,55670,9430,23281,2889,2203
371,1/17/2025,Kerala,39648,3527,90,1013,15548
372,11/26/2024,Delhi,94555,5826,19507,5658,95663
373,08-01-2024,Tamil Nadu,21321,5037,14039,4274,3576
374,12-04-2024,Tamil Nadu,38533,1324,22472,9441,33840
375,10-06-2024,Uttar Pradesh,32384,2350,43101,2185,75066
376,05-10-2024,Tamil Nadu,59114,7988,47099,3527,95697
377,10-06-2024,Delhi,28985,8211,32862,8205,1872
378,1/29/2025,Uttar Pradesh,45824,1319,13497,2631,65170
379,03-09-2024,Maharashtra,46407,9872,30309,1627,16339
380,01-04-2025,Kerala,6788,182,36349,8397,14823
381,04-07-2024,Kerala,12931,5382,14166,1365,55005
382,11-06-2024,Kerala,49804,5363,1127,656,17169
383,07-06-2024,Tamil Nadu,88117,7028,45469,648,63401
384,12/20/2024,Uttar Pradesh,82094,6344,14112,2996,91946
385,06-12-2024,Maharashtra,88074,652,43349,2298,98743
386,03-06-2024,Tamil Nadu,36608,383,39326,2636,89526
387,1/20/2025,Delhi,91493,8118,46525,265,14618
388,2/17/2024,Tamil Nadu,79863,3482,27175,4856,58024
389,11-09-2024,Maharashtra,34230,3606,30518,6451,36992
390,4/22/2024,Tamil Nadu,44819,186,6292,582,78687
391,10/27/2024,Tamil Nadu,46887,1537,18538,3698,81734
392,10-10-2024,Maharashtra,25739,5094,19229,387,39771
393,09-12-2024,Tamil Nadu,97707,2605,21613,8683,69938
394,02-07-2025,Uttar Pradesh,5357,5877,34046,707,87018
395,7/29/2024,Tamil Nadu,72060,2760,2787,4401,60797
396,03-05-2024,Kerala,3340,7847,47046,1001,66597
397,12/22/2024,Kerala,45840,6956,42427,1321,15172
398,09-08-2024,Delhi,68792,9676,28792,3571,55708
399,6/13/2024,Delhi,45932,61,7298,4610,62781
400,12/19/2024,Delhi,76101,1600,44433,175,90646
401,05-04-2024,Maharashtra,48648,4943,14255,7433,7289
402,10/28/2024,Delhi,83467,6144,41327,3331,98879
403,11-07-2024,Tamil Nadu,13375,9757,38380,2836,1325
404,10-10-2024,Tamil Nadu,68438,2221,38590,4264,6725
405,10/27/2024,Uttar Pradesh,80325,4148,46591,153,62142
406,03-02-2024,Maharashtra,20304,9058,48563,5071,14526
407,02-02-2025,Tamil Nadu,59060,1160,25082,1202,69479
408,6/27/2024,Tamil Nadu,29876,6591,22116,2437,36896
409,4/24/2024,Kerala,39895,7328,23575,639,59208
410,09-06-2024,Tamil Nadu,84552,7770,19984,6768,34635
411,2/17/2024,Kerala,66087,3768,40135,3417,51517
412,01-10-2025,Delhi,25624,7715,28662,6363,80802
413,3/17/2024,Maharashtra,32424,8401,12605,1271,10181
414,9/17/2024,Kerala,87464,2054,2477,5251,60749
415,02-01-2025,Tamil Nadu,40662,3299,10440,9565,88887
416,11-10-2024,Uttar Pradesh,95647,5133,28996,1211,90994
417,9/21/2024,Tamil Nadu,97681,5851,23360,7046,92075
418,08-01-2024,Uttar Pradesh,49859,6970,30091,9585,65429
419,09-10-2024,Delhi,21593,6715,10230,4445,53663
420,12-09-2024,Maharashtra,585,4539,47612,9655,29361
421,4/21/2024,Kerala,15769,8591,10810,4962,18456
422,7/17/2024,Tamil Nadu,70378,3423,4856,2126,29239
423,05-09-2024,Tamil Nadu,75085,2034,7772,3291,47953
424,09-04-2024,Delhi,74158,4940,46961,9910,44490
425,12/25/2024,Maharashtra,92476,9451,34463,8027,13907
426,10-10-2024,Delhi,39738,5467,14466,5407,30438
427,1/19/2025,Maharashtra,30531,3016,26717,7954,4310
428,02-10-2024,Delhi,63872,8161,40479,1526,32691
429,7/13/2024,Maharashtra,70687,4933,34375,9200,8893
430,4/14/2024,Tamil Nadu,16997,7673,36185,1618,8021
431,3/21/2024,Maharashtra,86458,7635,35227,8383,99799
432,9/16/2024,Uttar Pradesh,26367,1896,35351,1617,59464
433,12-12-2024,Uttar Pradesh,83524,3825,48561,7623,85902
434,2/25/2024,Uttar Pradesh,42742,1603,247,299,20998
435,7/23/2024,Tamil Nadu,29782,6258,24396,6323,67011
436,8/20/2024,Uttar Pradesh,43751,1032,24359,5758,23659
437,07-07-2024,Delhi,87083,3707,10944,3938,63016
438,11-03-2024,Tamil Nadu,71003,918,25942,2666,12361
439,8/20/2024,Kerala,66305,673,4336,4835,39304
440,11/29/2024,Tamil Nadu,44946,8195,36329,6919,80804
441,4/22/2024,Tamil Nadu,50018,7260,29869,1287,35439
442,05-03-2024,Tamil Nadu,55502,9971,28934,5194,59273
443,08-12-2024,Delhi,19436,2209,45470,4963,79672
444,10-10-2024,Maharashtra,20373,4668,46382,1019,35658
445,12/16/2024,Uttar Pradesh,24129,4728,34825,1895,83570
446,3/23/2024,Delhi,89471,2140,19533,4546,96418
447,1/16/2025,Maharashtra,39131,6430,49135,8057,30012
448,1/27/2025,Tamil Nadu,97289,6958,43747,978,17901
449,8/14/2024,Maharashtra,80297,9549,47259,5054,51837
450,3/25/2024,Tamil Nadu,92985,8529,20228,9559,39301
451,9/22/2024,Tamil Nadu,63466,7998,20436,1379,4623
452,12-01-2024,Kerala,18808,3327,3332,9441,44379
453,10/22/2024,Tamil Nadu,15204,7911,19028,3710,66241
454,01-06-2025,Delhi,44637,2145,8123,4594,37541
455,12/18/2024,Kerala,52749,218,43832,9165,37308
456,4/18/2024,Delhi,28092,8792,23210,8262,80619
457,11/15/2024,Uttar Pradesh,80245,2592,4224,6593,26403
458,01-04-2025,Maharashtra,32334,5965,23717,8061,22078
459,6/27/2024,Uttar Pradesh,93154,5502,28429,4612,24320
460,10-07-2024,Uttar Pradesh,41173,8043,43609,424,72499
461,2/18/2024,Kerala,63141,1288,23991,2169,32575
462,12/16/2024,Uttar Pradesh,91929,4202,34399,1722,27873
463,12/13/2024,Kerala,68039,1618,11639,4483,65139
464,09-03-2024,Uttar Pradesh,24739,9983,18098,964,87130
465,05-09-2024,Tamil Nadu,81544,9901,5544,7911,66990
466,06-01-2024,Tamil Nadu,46489,8748,5008,2266,59537
467,11-10-2024,Delhi,59500,4063,46961,8969,66386
468,09-11-2024,Uttar Pradesh,80839,6755,25189,5172,50561
469,12/17/2024,Uttar Pradesh,18862,1124,22623,5504,77039
470,08-01-2024,Maharashtra,28344,2310,9974,5920,20598
471,08-04-2024,Tamil Nadu,53502,2303,19291,5595,78147
472,6/16/2024,Tamil Nadu,62011,2619,19072,6303,33160
473,9/24/2024,Tamil Nadu,55905,9002,47157,1199,78927
474,5/29/2024,Kerala,17893,2011,32170,1801,786
475,5/22/2024,Uttar Pradesh,85067,1428,36673,6907,41947
476,5/30/2024,Tamil Nadu,39380,3061,36691,7430,87739
477,12-12-2024,Maharashtra,46851,6890,8752,4513,6568
478,11-01-2024,Maharashtra,57442,8279,1615,5428,48528
479,2/17/2024,Tamil Nadu,21692,6295,40503,8962,49597
480,09-10-2024,Maharashtra,73224,4523,11730,1667,8618
481,9/20/2024,Maharashtra,64614,9809,27158,2669,9226
482,7/20/2024,Delhi,45109,6007,39375,1394,45566
483,04-12-2024,Delhi,68584,7447,28541,3629,89215
484,12/22/2024,Delhi,9789,1882,6916,2687,66542
485,12/24/2024,Kerala,12348,5217,35300,7751,7326
486,6/28/2024,Kerala,40293,3198,29415,9874,1133
487,12-09-2024,Tamil Nadu,50015,9000,36279,7101,46682
488,05-12-2024,Maharashtra,15676,2814,40382,4201,36731
489,3/30/2024,Maharashtra,59273,6240,40659,7302,50644
490,9/27/2024,Delhi,70523,4369,30496,5323,66857
491,7/29/2024,Delhi,54837,3406,7282,6099,32628
492,8/30/2024,Tamil Nadu,48337,2037,14221,3288,653
493,11/20/2024,Tamil Nadu,74730,2226,48189,1217,67641
494,10-05-2024,Maharashtra,40366,4265,8863,8148,68912
495,5/26/2024,Uttar Pradesh,41919,8235,22706,6727,717
496,04-02-2024,Maharashtra,29467,5790,18851,9812,30831
497,12-08-2024,Delhi,25804,5081,21542,1019,44914
498,8/18/2024,Tamil Nadu,81408,9951,37950,5591,34398
499,3/17/2024,Uttar Pradesh,91874,619,26338,5516,45988
500,2/15/2024,Maharashtra,73571,8060,44399,6877,91286
501,6/27/2024,Tamil Nadu,34735,6900,46877,1985,17851
502,4/30/2024,Tamil Nadu,68265,901,29697,5521,68826
503,6/28/2024,Maharashtra,56460,1249,44778,9024,43967
504,02-05-2025,Delhi,85489,9414,35866,2525,9148
505,10/23/2024,Kerala,25053,4802,35860,866,32605
506,9/15/2024,Delhi,19844,150,1425,8806,6144
507,2/26/2024,Tamil Nadu,85260,6229,6346,3259,75474
508,11-08-2024,Maharashtra,97914,2012,19679,4649,17298
509,08-08-2024,Tamil Nadu,25911,9585,40309,9538,16942
510,01-05-2025,Delhi,69671,9751,37287,8021,80274
511,06-10-2024,Maharashtra,91120,6118,18571,3598,632
512,04-04-2024,Tamil Nadu,45402,2117,39453,3108,65008
513,10/29/2024,Uttar Pradesh,61168,6123,37116,8088,41036
514,8/29/2024,Tamil Nadu,46978,9899,34043,3193,47489
515,04-09-2024,Tamil Nadu,18783,9420,24819,5842,41906
516,8/17/2024,Uttar Pradesh,63870,4483,19025,9169,68492
517,08-02-2024,Uttar Pradesh,24991,5046,37155,1483,55846
518,8/29/2024,Tamil Nadu,5257,4643,47671,1916,86920
519,7/19/2024,Kerala,30122,8969,28316,7092,67258
520,03-11-2024,Kerala,41047,8653,24985,2338,56727
521,3/29/2024,Tamil Nadu,91766,2080,10250,3414,89347
522,12-09-2024,Maharashtra,86647,2324,31396,5759,44158
523,03-05-2024,Delhi,79141,9929,22868,464,38710
524,10/18/2024,Uttar Pradesh,90569,9203,35268,9347,89909
525,07-05-2024,Maharashtra,51351,9750,18333,8117,16981
526,3/19/2024,Delhi,46410,7238,43176,5778,11750
527,06-09-2024,Uttar Pradesh,36422,3230,11011,3241,99952
528,02-12-2024,Maharashtra,64579,5320,37832,1459,1464
529,11/30/2024,Tamil Nadu,81672,5685,8348,9886,29980
530,05-10-2024,Tamil Nadu,96873,2498,23631,6592,14581
531,2/18/2024,Uttar Pradesh,81612,7700,18688,1651,18790
532,05-06-2024,Maharashtra,11862,4563,41419,8975,44466
533,04-12-2024,Tamil Nadu,35110,9898,20137,2371,38920
534,4/26/2024,Delhi,11003,5240,1003,6982,29199
535,11-08-2024,Uttar Pradesh,47338,9505,45601,7415,3446
536,3/25/2024,Kerala,43773,1544,39638,4581,28269
537,3/29/2024,Delhi,64527,4522,46140,6171,99027
538,12/20/2024,Delhi,79697,6999,29155,6553,32662
539,10/31/2024,Delhi,97738,3835,35083,9392,72142
540,11-02-2024,Uttar Pradesh,95254,2545,45982,5306,86947
541,3/22/2024,Kerala,20352,6132,23622,4588,98939
542,4/16/2024,Tamil Nadu,36847,8043,26999,8406,96316
543,12/25/2024,Tamil Nadu,12563,911,10862,5098,69820
544,2/15/2024,Maharashtra,47346,3213,12377,4779,61146
545,12/16/2024,Maharashtra,4278,1316,5259,4467,22570
546,5/23/2024,Uttar Pradesh,24221,166,25285,8371,91061
547,8/21/2024,Kerala,66202,3516,28530,8046,28489
548,09-07-2024,Tamil Nadu,95647,3289,35109,8331,65839
549,03-11-2024,Tamil Nadu,23720,2763,5149,7626,80862
550,03-11-2024,Kerala,55544,1796,27041,1233,76378
551,7/19/2024,Kerala,5170,7650,9753,6146,5438
552,5/23/2024,Uttar Pradesh,26073,1054,20751,2149,96743
553,5/28/2024,Kerala,68323,5498,42434,2132,94377
554,2/16/2024,Delhi,81543,4649,14469,1998,74015
555,6/29/2024,Tamil Nadu,34774,4554,16395,6388,1275
556,11/22/2024,Tamil Nadu,19202,2278,8705,6856,20869
557,12/27/2024,Uttar Pradesh,80752,5730,22591,6647,24611
558,11/30/2024,Kerala,87014,1406,26727,8156,73656
559,12/17/2024,Tamil Nadu,29415,5124,8111,6859,80697
560,3/16/2024,Delhi,17312,2166,1947,4951,47681
561,03-11-2024,Uttar Pradesh,10591,9824,27863,2751,53864
562,1/14/2025,Uttar Pradesh,27607,5999,15660,3306,24443
563,11-10-2024,Tamil Nadu,22072,1536,13002,6430,39746
564,5/13/2024,Tamil Nadu,12986,7038,27064,877,65517
565,1/14/2025,Uttar Pradesh,22842,6440,42787,7447,27537
566,03-06-2024,Delhi,78371,7296,48921,167,65444
567,01-07-2025,Tamil Nadu,8096,8279,42064,9402,66346
568,02-07-2025,Tamil Nadu,98178,7915,36152,9881,82180
569,3/31/2024,Delhi,38614,4190,34994,9700,11423
570,1/30/2025,Uttar Pradesh,70413,39,47586,2987,91212
571,10-12-2024,Delhi,22029,9227,23411,6420,88609
572,4/26/2024,Kerala,49711,3265,40272,3768,87003
573,12-09-2024,Delhi,43637,1503,45055,1933,82308
574,11-10-2024,Tamil Nadu,64738,5493,36568,8219,14658
575,5/18/2024,Kerala,83049,2463,26002,9360,55693
576,12-10-2024,Maharashtra,49030,3052,33145,5537,31813
577,10-08-2024,Uttar Pradesh,39331,7028,21916,9183,57544
578,6/22/2024,Kerala,37250,8079,12087,4759,60494
579,12-05-2024,Uttar Pradesh,51599,8776,49232,7376,76441
580,05-06-2024,Delhi,88044,1862,7085,2062,63573
581,09-05-2024,Maharashtra,18114,6673,964,1704,109
582,04-11-2024,Tamil Nadu,68127,7845,6262,4269,39419
583,11-12-2024,Uttar Pradesh,85207,6784,29076,6789,83505
584,08-03-2024,Maharashtra,771,4020,34789,1729,40400
585,11-01-2024,Maharashtra,65933,3445,6602,6648,1775
586,5/14/2024,Delhi,93358,2938,37681,8419,60962
587,10-07-2024,Delhi,61608,8143,4799,2602,93437
588,6/20/2024,Maharashtra,224,2414,27015,7255,2539
589,05-03-2024,Uttar Pradesh,2762,8039,36113,4434,38901
590,3/17/2024,Maharashtra,48035,5871,24864,7921,38349
591,01-02-2025,Uttar Pradesh,89736,3236,26562,1341,82338
592,12-01-2024,Kerala,88390,5551,30938,2456,93141
593,4/26/2024,Kerala,37218,4681,8081,4225,80086
594,4/29/2024,Uttar Pradesh,86100,5381,37677,6837,37305
595,12-12-2024,Delhi,5897,6420,323,5408,26614
596,3/21/2024,Delhi,20428,8216,33688,8624,3128
597,8/18/2024,Tamil Nadu,68136,8291,27370,3920,58724
598,6/14/2024,Uttar Pradesh,36215,5927,29785,4476,98927
599,6/17/2024,Tamil Nadu,74361,603,19,2072,80388
600,08-12-2024,Tamil Nadu,2135,8773,207,582,2672
601,11/23/2024,Delhi,75177,1693,9954,6683,72205
602,09-02-2024,Tamil Nadu,83298,584,9122,4452,24884
603,5/17/2024,Tamil Nadu,30893,5142,26423,3566,76025
604,10/23/2024,Maharashtra,4461,6243,37900,9331,55377
605,08-12-2024,Uttar Pradesh,9440,2168,40698,8462,20811
606,07-04-2024,Uttar Pradesh,36471,1369,13756,5555,15393
607,08-05-2024,Delhi,90658,3800,36367,1012,14279
608,2/27/2024,Maharashtra,42606,5211,30856,9074,32698
609,8/23/2024,Tamil Nadu,37594,7260,2765,2459,85605
610,10/29/2024,Maharashtra,22573,5511,40452,518,35280
611,01-03-2025,Delhi,11690,1369,41460,8884,42572
612,3/21/2024,Tamil Nadu,33978,2933,28185,7225,14353
613,06-10-2024,Tamil Nadu,18071,5038,34880,8072,91403
614,01-04-2025,Tamil Nadu,75499,4324,12579,7310,15888
615,11/24/2024,Tamil Nadu,96016,4072,16947,1935,55699
616,3/23/2024,Delhi,69483,4031,3698,9537,73518
617,6/19/2024,Maharashtra,20644,1722,41574,9478,46914
618,7/16/2024,Tamil Nadu,78052,2241,12352,3672,4533
619,12-03-2024,Tamil Nadu,83049,467,7550,585,44925
620,11-12-2024,Maharashtra,33136,5614,35196,1326,40158
621,09-02-2024,Tamil Nadu,43051,8548,6948,1585,28223
622,04-07-2024,Uttar Pradesh,68517,742,32751,439,28477
623,7/28/2024,Uttar Pradesh,1256,4983,42450,7843,31890
624,9/29/2024,Kerala,25449,3122,18226,3963,71930
625,3/31/2024,Delhi,30505,9953,35742,2896,44915
626,6/18/2024,Kerala,17902,1583,21708,5690,9306
627,11/17/2024,Maharashtra,83976,5950,49871,45,37528
628,05-11-2024,Tamil Nadu,28447,4553,4824,7188,62945
629,08-09-2024,Tamil Nadu,60369,1909,34879,1233,91400
630,03-09-2024,Uttar Pradesh,93341,5964,8067,8549,82072
631,03-04-2024,Maharashtra,23652,6545,39967,6203,92917
632,6/28/2024,Maharashtra,12868,4204,13261,5033,70929
633,05-04-2024,Kerala,43074,4598,44520,7950,26066
634,06-10-2024,Uttar Pradesh,33129,1298,29241,4694,44263
635,5/20/2024,Tamil Nadu,73494,1631,23833,2850,62722
636,06-08-2024,Tamil Nadu,58203,3510,46102,1739,7495
637,6/21/2024,Tamil Nadu,49803,7655,17577,2775,41861
638,6/23/2024,Delhi,35889,7072,30186,5777,91598
639,12-03-2024,Uttar Pradesh,25251,1442,43466,8091,71249
640,04-04-2024,Uttar Pradesh,64489,1719,37056,4659,16542
641,03-02-2024,Delhi,25329,5026,37769,9117,91077
642,4/13/2024,Uttar Pradesh,75507,74,42830,7553,47994
643,05-06-2024,Maharashtra,19162,6831,39224,211,47188
644,6/14/2024,Tamil Nadu,88250,1523,42041,2593,37554
645,5/23/2024,Tamil Nadu,94563,5144,33991,631,32610
646,01-11-2025,Kerala,37750,544,6331,8753,39998
647,11-04-2024,Maharashtra,7523,7985,19294,279,18178
648,9/30/2024,Maharashtra,65255,1811,26772,6199,52263
649,4/22/2024,Kerala,34616,8530,42730,4485,55393
650,02-06-2025,Delhi,49869,4876,129,2157,27108
651,10/30/2024,Kerala,36685,1691,47134,2634,9826
652,4/25/2024,Maharashtra,38162,8328,42799,8854,4097
653,04-08-2024,Maharashtra,60224,8351,26648,2580,79416
654,5/29/2024,Uttar Pradesh,11033,4209,6510,7920,35238
655,06-11-2024,Delhi,45112,3388,8823,8141,57337
656,6/19/2024,Delhi,55754,8902,31361,1686,16604
657,05-03-2024,Delhi,49316,3046,36083,857,64482
658,03-07-2024,Tamil Nadu,40118,2608,37929,1053,73165
659,1/24/2025,Kerala,34423,9862,33466,6078,92576
660,06-06-2024,Uttar Pradesh,54581,6387,49035,5321,17126
661,5/28/2024,Maharashtra,83879,1818,30463,8912,28287
662,5/25/2024,Tamil Nadu,16410,2239,40556,4490,27983
663,5/31/2024,Kerala,41757,7791,16482,1751,58717
664,03-05-2024,Tamil Nadu,84547,6063,33541,8477,22680
665,2/22/2024,Delhi,21607,1771,10669,5660,9561
666,5/16/2024,Maharashtra,83532,7525,31295,4538,88569
667,09-01-2024,Tamil Nadu,14815,3708,46669,6727,17458
668,5/15/2024,Maharashtra,14359,7179,45805,7724,48794
669,11-02-2024,Tamil Nadu,3082,1769,12675,5082,96198
670,5/25/2024,Kerala,8815,8791,5660,9692,24842
671,9/19/2024,Maharashtra,56666,1634,42476,2701,64542
672,03-04-2024,Tamil Nadu,88900,8870,18554,6953,60734
673,06-07-2024,Kerala,59399,2726,41630,3636,61719
674,12/23/2024,Tamil Nadu,44509,2257,27382,5635,31375
675,7/26/2024,Maharashtra,54943,3549,49663,9564,58777
676,01-02-2025,Kerala,1969,144,1369,9933,97130
677,4/15/2024,Maharashtra,31876,5672,38703,5689,16433
678,5/25/2024,Uttar Pradesh,94729,4472,31459,6264,90377
679,6/30/2024,Kerala,43232,8588,11862,5552,38738
680,5/25/2024,Delhi,20661,7904,43261,2863,92286
681,5/31/2024,Tamil Nadu,38742,9896,37350,7004,10018
682,10/23/2024,Kerala,59387,2778,37022,5913,30461
683,6/29/2024,Delhi,36948,639,18883,5267,67022
684,9/22/2024,Uttar Pradesh,52091,4705,2493,2670,14248
685,05-10-2024,Uttar Pradesh,77899,2361,3775,6931,98095
686,11/16/2024,Maharashtra,84000,6310,5448,1824,38743
687,7/26/2024,Uttar Pradesh,93726,6194,23245,4921,77990
688,6/19/2024,Kerala,40095,9301,36488,4766,76456
689,04-07-2024,Uttar Pradesh,50033,8860,36739,9844,80138
690,01-09-2025,Delhi,42010,9224,17898,4903,61314
691,2/13/2024,Kerala,84137,7737,46009,4796,8341
692,2/21/2024,Maharashtra,52963,5843,24077,8182,20000
693,09-11-2024,Uttar Pradesh,72170,3653,6401,2538,76799
694,03-05-2024,Uttar Pradesh,66518,872,19797,9578,29057
695,11/19/2024,Tamil Nadu,90705,6862,31814,9601,32524
696,8/21/2024,Kerala,66274,3435,18857,884,28071
697,3/28/2024,Tamil Nadu,59357,8150,44905,7583,60908
698,05-05-2024,Delhi,25478,1999,47155,3342,57476
699,04-10-2024,Tamil Nadu,33765,9639,5339,7,13150
700,06-05-2024,Kerala,40040,7247,31325,2827,4745
701,10-04-2024,Kerala,96923,3865,41087,2118,60643
702,4/26/2024,Delhi,75720,5542,40170,8458,61521
703,5/16/2024,Tamil Nadu,82223,2481,26459,5507,23430
704,9/19/2024,Delhi,33626,2733,23651,1440,73116
705,10/23/2024,Tamil Nadu,84273,1717,19594,8688,86803
706,5/18/2024,Tamil Nadu,5792,7540,9269,2826,23885
707,05-03-2024,Kerala,90539,7703,45467,1368,61621
708,10-02-2024,Kerala,55469,3574,6178,9709,54460
709,12/18/2024,Maharashtra,94961,4555,47340,4533,61843
710,5/14/2024,Maharashtra,8703,2846,27259,8357,28748
711,09-08-2024,Kerala,42021,9050,37034,1090,97855
712,12-03-2024,Tamil Nadu,34406,4266,22540,6518,47076
713,6/14/2024,Delhi,6440,5206,9543,7818,11415
714,8/29/2024,Uttar Pradesh,22556,504,18562,8471,43945
715,02-02-2025,Tamil Nadu,50450,3345,25026,2927,18066
716,5/15/2024,Maharashtra,45268,5065,40898,2942,91723
717,7/29/2024,Maharashtra,34841,4009,2230,2639,52917
718,7/14/2024,Delhi,45918,6082,4669,5573,46087
719,06-08-2024,Tamil Nadu,37744,8408,25015,6803,37340
720,3/31/2024,Delhi,64277,5807,20638,8217,72908
721,01-01-2025,Tamil Nadu,69896,1110,11870,9423,41607
722,05-07-2024,Tamil Nadu,93002,3140,17761,7523,81252
723,04-04-2024,Kerala,59201,595,48312,2199,29450
724,7/13/2024,Kerala,57999,9617,44129,746,2958
725,11/26/2024,Uttar Pradesh,5341,6070,19524,1900,20872
726,1/29/2025,Delhi,72892,4853,41420,2956,77515
727,09-01-2024,Maharashtra,33320,7883,5990,8989,51455
728,11/20/2024,Maharashtra,10240,89,3204,2648,48726
729,4/29/2024,Delhi,77096,683,31683,3950,71269
730,7/27/2024,Maharashtra,63436,3032,41620,3630,39094
731,07-09-2024,Kerala,7188,5265,46489,4612,43443
732,10-08-2024,Kerala,68481,2580,35537,1581,15895
733,2/25/2024,Maharashtra,24965,7633,24939,793,70275
734,10/15/2024,Kerala,6154,3270,24256,5875,62658
735,03-09-2024,Kerala,69049,4099,49010,2056,63061
736,11-04-2024,Delhi,21934,6536,49047,956,83783
737,07-01-2024,Kerala,292,785,21963,2050,29936
738,3/20/2024,Uttar Pradesh,42245,4622,25348,5617,72016
739,6/29/2024,Kerala,54250,8451,23233,7461,70882
740,08-12-2024,Maharashtra,80690,8215,15281,6181,18278
741,4/14/2024,Kerala,61639,7726,40781,7184,86257
742,9/23/2024,Kerala,98874,8031,35812,7657,82452
743,05-02-2024,Uttar Pradesh,32106,4698,16410,7911,7631
744,11-06-2024,Uttar Pradesh,97536,3854,22232,4532,81905
745,4/16/2024,Tamil Nadu,10128,4166,4500,2226,21099
746,9/20/2024,Delhi,24143,1347,6930,1208,42505
747,12/18/2024,Tamil Nadu,52732,8628,33946,7737,59950
748,11/16/2024,Kerala,80792,6153,11170,6221,70663
749,2/19/2024,Maharashtra,20876,7286,38147,3987,53664
750,7/29/2024,Delhi,38394,6807,1471,2581,92054
751,07-12-2024,Tamil Nadu,72791,1721,16719,7721,28214
752,02-12-2024,Kerala,65151,3669,36588,5688,59917
753,12/14/2024,Uttar Pradesh,70227,9766,22692,766,6250
754,8/16/2024,Tamil Nadu,73101,5212,26550,2702,52714
755,10/13/2024,Maharashtra,54451,5496,30674,6530,15017
756,07-07-2024,Kerala,30495,8936,14767,2911,74946
757,11/15/2024,Tamil Nadu,8503,624,24001,9971,83323
758,9/20/2024,Kerala,37579,8398,5443,991,33795
759,6/15/2024,Delhi,59676,9841,27925,8480,2946
760,4/23/2024,Delhi,51912,4641,19567,2006,70529
761,7/15/2024,Maharashtra,68402,3133,34896,498,21508
762,7/18/2024,Uttar Pradesh,26713,9072,38889,252,65073
763,7/30/2024,Tamil Nadu,16826,2923,16653,567,59839
764,3/21/2024,Maharashtra,24791,314,6460,5338,42013
765,11-02-2024,Tamil Nadu,23353,5843,8565,2514,40908
766,7/15/2024,Maharashtra,96798,7494,12000,7827,62561
767,2/17/2024,Maharashtra,96636,9795,13964,6540,31361
768,4/20/2024,Tamil Nadu,13747,2050,34596,4105,39397
769,09-09-2024,Delhi,84494,664,34523,2771,85622
770,12/23/2024,Tamil Nadu,73672,620,10942,3396,55865
771,2/22/2024,Uttar Pradesh,66773,4199,42522,2516,93396
772,08-05-2024,Uttar Pradesh,48394,8112,23731,4268,53816
773,9/29/2024,Uttar Pradesh,31403,27,4974,6514,25932
774,11/30/2024,Uttar Pradesh,93901,4697,41700,1483,8051
775,06-04-2024,Kerala,30388,5211,10081,5416,59067
776,01-02-2025,Delhi,45708,4165,20504,8350,69940
777,01-11-2025,Kerala,8906,3092,11428,7377,90440
778,4/29/2024,Tamil Nadu,89678,7173,35612,6512,28822
779,6/17/2024,Delhi,10131,2613,35345,1613,91869
780,02-06-2025,Delhi,54662,3105,4103,1310,93046
781,2/13/2024,Maharashtra,76739,4306,26982,519,77546
782,05-05-2024,Tamil Nadu,26852,274,6480,444,71089
783,12-11-2024,Delhi,44057,7774,4954,6024,88466
784,10/17/2024,Delhi,85226,896,21358,5764,57950
785,4/20/2024,Uttar Pradesh,75561,2222,44190,5094,56900
786,4/16/2024,Maharashtra,41490,2170,37794,214,99275
787,8/19/2024,Kerala,53192,498,37487,7089,60964
788,03-09-2024,Uttar Pradesh,85031,4398,21850,1308,12169
789,9/21/2024,Kerala,94518,4469,35177,1083,98940
790,01-02-2025,Uttar Pradesh,46693,6421,15041,8619,95633
791,3/31/2024,Maharashtra,94970,4542,25174,5980,67925
792,05-07-2024,Delhi,58800,4683,24016,517,6460
793,08-10-2024,Delhi,8188,496,26118,9143,58102
794,9/28/2024,Delhi,58091,9902,19955,3795,75539
795,04-09-2024,Tamil Nadu,24429,474,22592,2755,46830
796,3/30/2024,Uttar Pradesh,31458,5569,27551,9215,71013
797,11-03-2024,Uttar Pradesh,4274,3178,22449,700,13786
798,04-12-2024,Tamil Nadu,35156,4961,27000,3090,36832
799,3/17/2024,Tamil Nadu,68446,8477,16166,7205,29275
800,05-12-2024,Maharashtra,17537,6421,22510,7505,57785
801,7/18/2024,Tamil Nadu,57032,2296,1235,9130,51606
802,08-01-2024,Kerala,21385,6407,41324,77,47092
803,1/19/2025,Kerala,7284,6160,16459,6468,58124
804,5/20/2024,Maharashtra,95552,4470,30225,580,51707
805,11/13/2024,Tamil Nadu,86932,3748,37597,2194,41333
806,07-12-2024,Kerala,41216,6633,24847,2382,72587
807,8/22/2024,Kerala,72882,3042,47679,8375,14227
808,11-01-2024,Delhi,8294,3574,36967,6970,52924
809,6/28/2024,Kerala,72854,9610,4581,6573,173
810,8/15/2024,Delhi,48153,524,33306,2591,29391
811,2/16/2024,Delhi,41332,2639,8858,442,64584
812,6/21/2024,Maharashtra,56137,9023,34663,2910,11190
813,04-03-2024,Tamil Nadu,21843,4063,36010,9985,99898
814,1/23/2025,Tamil Nadu,50470,6242,32259,5100,59310
815,9/14/2024,Tamil Nadu,59425,7801,45846,1445,88347
816,3/20/2024,Maharashtra,81600,9588,26913,4183,26698
817,4/17/2024,Tamil Nadu,41181,7573,47359,1103,44703
818,01-07-2025,Uttar Pradesh,71067,271,47644,7628,22034
819,10/29/2024,Uttar Pradesh,73289,782,46140,4913,70386
820,10/16/2024,Kerala,13017,5530,47546,1464,72499
821,03-10-2024,Delhi,77136,8088,47970,2838,21514
822,8/24/2024,Delhi,25799,3038,43260,8260,89230
823,05-12-2024,Tamil Nadu,89772,7389,14495,2342,98715
824,2/16/2024,Delhi,72081,1573,45373,721,151
825,2/21/2024,Kerala,35671,8642,17331,8415,21216
826,2/21/2024,Kerala,61637,8062,15121,8745,24062
827,01-06-2025,Tamil Nadu,73201,339,22523,3101,91098
828,07-07-2024,Kerala,51884,638,40163,2164,25947
829,11-05-2024,Maharashtra,90580,2255,11384,6990,42824
830,04-06-2024,Kerala,76126,6952,25437,3547,79476
831,05-02-2024,Uttar Pradesh,99056,2176,28021,649,388
832,10-09-2024,Delhi,19327,7342,9596,3955,93841
833,9/16/2024,Delhi,63697,9681,35836,6883,3353
834,05-12-2024,Maharashtra,83686,1178,42708,4096,55194
835,06-03-2024,Kerala,44892,2632,27671,7901,13966
836,12/23/2024,Delhi,46139,8255,8041,6780,4981
837,11/13/2024,Tamil Nadu,58940,9113,13369,770,15777
838,1/31/2025,Tamil Nadu,22450,3972,11456,4124,98863
839,12-04-2024,Tamil Nadu,64109,3257,39135,3220,28613
840,10/22/2024,Delhi,73393,2819,16171,2194,1716
841,12-03-2024,Delhi,87394,6898,16156,8872,64147
842,01-08-2025,Kerala,22483,6516,43375,7780,93211
843,11/21/2024,Maharashtra,67047,3620,31334,6733,37927
844,08-11-2024,Kerala,17733,6533,34998,950,79305
845,04-11-2024,Kerala,70968,6070,49601,7354,7426
846,12/16/2024,Maharashtra,75430,8452,26485,4364,85524
847,12/30/2024,Maharashtra,63800,7870,484,3637,97618
848,5/16/2024,Maharashtra,3417,3307,38918,7661,46087
849,05-05-2024,Tamil Nadu,33476,5373,1935,3758,30629
850,12-07-2024,Maharashtra,44637,6259,6010,2727,72036
851,11-02-2024,Maharashtra,57457,8998,28568,761,90644
852,4/25/2024,Tamil Nadu,56165,540,45504,5138,54169
853,12/22/2024,Tamil Nadu,54208,7461,18758,7230,52883
854,03-07-2024,Tamil Nadu,576,2461,1519,6622,68521
855,4/14/2024,Tamil Nadu,56954,6819,25391,3336,95283
856,06-02-2024,Delhi,12544,9070,14962,854,90934
857,6/23/2024,Kerala,27173,7536,38689,7177,59058
858,2/20/2024,Uttar Pradesh,62520,1321,19489,7145,54446
859,7/22/2024,Uttar Pradesh,94554,442,4697,4773,93041
860,06-10-2024,Uttar Pradesh,66313,6613,39382,3559,22352
861,03-03-2024,Delhi,49752,621,18287,5622,36599
862,1/13/2025,Kerala,63422,538,39904,4825,21710
863,04-08-2024,Tamil Nadu,49455,8366,2694,770,47861
864,12/26/2024,Tamil Nadu,70927,1064,31244,7244,57912
865,9/15/2024,Delhi,48375,3804,12111,2743,90462
866,2/22/2024,Kerala,93511,5330,43987,3255,73364
867,6/30/2024,Tamil Nadu,93223,4621,22530,9168,82722
868,7/18/2024,Tamil Nadu,52114,7972,28576,3897,59460
869,09-09-2024,Kerala,90866,8769,22229,241,54699
870,1/27/2025,Maharashtra,48635,6699,35339,8810,13162
871,11-11-2024,Uttar Pradesh,36941,8588,40367,3940,89095
872,12/24/2024,Maharashtra,47037,9075,22889,6484,7640
873,7/23/2024,Uttar Pradesh,18584,7204,41763,171,74763
874,2/15/2024,Kerala,56225,330,4518,4511,59121
875,10-05-2024,Kerala,37193,7514,3680,8960,33225
876,1/20/2025,Delhi,32901,9270,49915,6490,59220
877,02-08-2025,Delhi,43056,3025,27001,5230,27717
878,05-05-2024,Maharashtra,36950,5869,4226,2764,74182
879,6/23/2024,Delhi,37201,9458,3025,1233,12355
880,3/20/2024,Tamil Nadu,32402,2103,6898,354,29163
881,6/26/2024,Kerala,27525,5274,44609,9263,59066
882,9/20/2024,Kerala,65366,4345,1781,190,2452
883,12-03-2024,Delhi,16460,9256,9429,4681,5771
884,5/14/2024,Uttar Pradesh,97487,2201,41450,415,6114
885,10-06-2024,Tamil Nadu,54996,3977,6277,8779,3324
886,01-09-2025,Delhi,95024,9002,48526,6496,36160
887,11-12-2024,Kerala,36289,6052,42500,7812,70302
888,12/28/2024,Tamil Nadu,88022,6126,43434,1608,55169
889,3/30/2024,Maharashtra,62474,217,31759,6224,69287
890,10/20/2024,Uttar Pradesh,84151,838,38345,3533,96269
891,1/20/2025,Tamil Nadu,50845,3716,28234,2593,62419
892,4/14/2024,Maharashtra,51820,6798,19381,5947,31459
893,11-11-2024,Maharashtra,24826,8115,28906,346,6698
894,6/25/2024,Delhi,11742,3133,21623,9580,63587
895,08-10-2024,Tamil Nadu,24516,9437,14214,6300,71295
896,7/17/2024,Maharashtra,61721,4415,8825,5458,91860
897,7/28/2024,Kerala,63185,6055,4846,1632,78819
898,7/24/2024,Tamil Nadu,90881,3666,2918,3847,11643
899,02-12-2024,Maharashtra,14073,7075,6394,7344,53871
900,8/25/2024,Maharashtra,55001,6918,31667,7523,92047
901,11-12-2024,Uttar Pradesh,10630,7134,21,386,39510
902,9/16/2024,Delhi,63596,7562,34645,9007,36245
903,3/22/2024,Tamil Nadu,63956,7680,7273,6836,22271
904,07-08-2024,Delhi,53903,8966,36821,9024,63547
905,7/28/2024,Tamil Nadu,44243,625,18584,6542,20549
906,04-11-2024,Kerala,47854,7400,36325,5052,5757
907,04-10-2024,Tamil Nadu,4124,6402,21349,3840,26608
908,7/18/2024,Maharashtra,52167,7537,15875,7480,75010
909,5/28/2024,Maharashtra,47879,9909,28987,244,32905
910,12-10-2024,Maharashtra,98105,7841,41857,5538,94261
911,12/25/2024,Maharashtra,69666,4491,44731,9130,8025
912,7/31/2024,Maharashtra,62340,4480,5398,2070,32442
913,08-05-2024,Kerala,93348,1284,4387,1573,66357
914,1/18/2025,Tamil Nadu,19762,6928,17251,3647,71228
915,2/24/2024,Kerala,24614,1417,1648,6021,34453
916,10/24/2024,Kerala,63123,8437,40619,137,5958
917,07-08-2024,Maharashtra,29491,963,49616,6901,84380
918,1/28/2025,Maharashtra,32564,4140,18095,7101,17923
919,12-01-2024,Delhi,78835,681,46136,2506,20414
920,6/30/2024,Kerala,5932,7449,4134,1028,18006
921,04-02-2024,Uttar Pradesh,25817,4705,47498,2731,80942
922,12-09-2024,Maharashtra,7504,8961,27140,6242,53164
923,3/14/2024,Delhi,7015,368,23568,6609,63290
924,5/20/2024,Uttar Pradesh,75801,9384,341,3976,34567
925,2/22/2024,Tamil Nadu,1658,7727,31006,7523,33846
926,11/13/2024,Maharashtra,8222,8887,47078,6369,83011
927,05-05-2024,Tamil Nadu,55513,4406,30178,125,46000
928,10/30/2024,Delhi,1707,3817,36008,9755,28465
929,10/28/2024,Maharashtra,76624,3215,24996,4395,51605
930,3/26/2024,Kerala,47842,758,31973,6960,50172
931,06-01-2024,Maharashtra,82140,9227,42929,1992,13256
932,9/28/2024,Delhi,88548,5285,43934,4670,94374
933,09-01-2024,Delhi,85850,5770,23344,9681,27722
934,4/27/2024,Maharashtra,15294,1123,29052,353,30467
935,12-08-2024,Tamil Nadu,62073,7724,6350,1112,51898
936,10/16/2024,Tamil Nadu,79218,1183,27594,3625,83425
937,3/17/2024,Maharashtra,4569,5460,5399,3865,22433
938,3/31/2024,Tamil Nadu,48992,3481,39458,1449,71548
939,10/19/2024,Uttar Pradesh,43572,2638,20212,5274,35272
940,03-08-2024,Delhi,93731,6262,46149,7731,59629
941,12-06-2024,Maharashtra,81655,9702,39097,2845,255
942,6/19/2024,Delhi,49365,3250,46269,607,37583
943,07-10-2024,Kerala,61440,9212,49411,1941,66196
944,06-06-2024,Tamil Nadu,50880,3847,18270,7103,40987
945,3/31/2024,Kerala,33909,1229,13746,3979,50385
946,08-05-2024,Tamil Nadu,32437,1112,35651,6179,98985
947,7/20/2024,Delhi,79280,2281,24218,2808,92618
948,7/25/2024,Kerala,10018,3238,33686,5119,40341
949,10/26/2024,Maharashtra,13730,5579,29802,2014,15596
950,03-01-2024,Uttar Pradesh,16895,7276,24278,1881,42608
951,8/31/2024,Delhi,3647,7329,16203,350,19888
952,8/15/2024,Delhi,28885,5182,24432,9380,64334
953,4/24/2024,Tamil Nadu,81815,3474,19091,9493,29612
954,10/22/2024,Delhi,33083,5317,13133,8527,97888
955,12-09-2024,Delhi,34425,4347,47101,2426,26349
956,2/26/2024,Kerala,88178,4362,32143,2353,60105
957,3/29/2024,Maharashtra,27522,1669,23695,6127,43734
958,12-02-2024,Tamil Nadu,38676,1153,23143,7044,8695
959,12-12-2024,Uttar Pradesh,86127,1928,40288,9628,99361
960,12-05-2024,Maharashtra,57899,4041,12763,2631,64522
961,8/13/2024,Kerala,13933,4181,3615,7896,26830
962,1/23/2025,Maharashtra,96024,1492,25332,1467,73005
963,9/27/2024,Uttar Pradesh,15532,2091,11039,4931,96396
964,8/31/2024,Uttar Pradesh,17315,112,46112,1395,79546
965,3/21/2024,Delhi,30713,7260,8728,2314,25831
966,5/13/2024,Delhi,11078,6049,11674,1621,48156
967,2/19/2024,Uttar Pradesh,90391,999,22159,2173,53657
968,4/24/2024,Tamil Nadu,90726,8105,22040,4921,97799
969,6/13/2024,Tamil Nadu,8104,8460,29138,267,45747
970,03-09-2024,Kerala,6617,3191,47956,5174,15881
971,10/23/2024,Tamil Nadu,6354,1658,15814,3345,19635
972,01-12-2025,Delhi,40777,8843,41159,8073,64729
973,02-06-2025,Delhi,59529,4039,44305,8181,23799
974,05-09-2024,Delhi,56533,4245,42282,5475,22740
975,08-11-2024,Uttar Pradesh,76694,1669,3645,3043,66246
976,3/29/2024,Tamil Nadu,890,335,11522,657,68054
977,07-12-2024,Uttar Pradesh,10809,7748,20322,8737,90575
978,7/19/2024,Tamil Nadu,68014,7990,787,6778,35482
979,2/20/2024,Maharashtra,60853,4242,20054,3065,43484
980,4/18/2024,Kerala,76465,522,12461,4768,48875
981,10-08-2024,Kerala,45479,7947,45568,6388,61420
982,12/15/2024,Kerala,96187,2211,735,8138,18701
983,9/13/2024,Tamil Nadu,67842,5944,33926,2783,84079
984,1/30/2025,Delhi,33933,8826,39171,9597,22567
985,10/18/2024,Tamil Nadu,95102,9261,5686,8311,99805
986,3/22/2024,Kerala,50327,3693,15583,8233,92624
987,12/16/2024,Tamil Nadu,23475,9141,43815,5072,43191
988,5/19/2024,Maharashtra,774,4164,27232,8086,33275
989,8/15/2024,Tamil Nadu,25894,91,7211,8950,25573
990,12-07-2024,Maharashtra,85241,1255,34882,9391,40335
991,2/17/2024,Maharashtra,93186,1512,48800,7930,93334
992,4/24/2024,Tamil Nadu,60203,4974,32050,9,73455
993,5/16/2024,Uttar Pradesh,92154,7394,3610,9613,68682
994,09-05-2024,Uttar Pradesh,56164,642,947,8032,36794
995,12/31/2024,Maharashtra,36285,2224,20042,9124,53796
996,02-09-2025,Delhi,33799,752,20021,9296,14767
997,09-12-2024,Uttar Pradesh,90716,6420,14546,7304,65129
998,07-05-2024,Maharashtra,7220,1938,12935,6302,49041
999,4/23/2024,Delhi,18190,3208,42414,9293,97298
1000,05-03-2024,Tamil Nadu,20362,1891,5147,9247,80391
